date,c_food_price_index,inflation_food_price_index,c_beans,c_cassava,c_groundnuts,c_livestockgoat_male,c_livestocksheep_male,c_maize,c_maize_meal,c_millet,c_oil,c_salt,c_sesame,c_sorghum,c_sugar,c_wheat_flour,exchange_rate,oil_production,conflict_events_ssd,conflict_events_sdn,conflict_deaths_ssd,conflict_deaths_sdn,year,month,national_cpi,is_lean_season,season,pipeline_flowing,y_next_month
2007-01-01,0.010499999999999999,,5.381,3.5195,4.50525,96.4875,72.64925000000001,3.141,2.50275,4.24175,2.974,2.179,5.4945,3.55075,2.7795,1.937,3.19,0.0,0.0,11.0,0.0,220.0,2007,1,5.00627361534047,0,dry,1,0.010499999999999999
2007-02-01,0.010499999999999999,,5.341749999999999,3.44225,4.4315,94.522,71.11575,3.005,2.43025,4.1395,2.857,2.11775,5.3420000000000005,3.43375,2.6985,1.8537500000000002,3.18,0.0,0.0,5.0,0.0,59.0,2007,2,5.00627361534047,0,dry,1,0.010499999999999999
2007-03-01,0.010499999999999999,,5.35375,3.47025,4.503,95.46549999999999,71.8125,2.9955000000000003,2.4515000000000002,4.156750000000001,2.88525,2.1399999999999997,5.33525,3.39925,2.725,1.87825,3.18,0.0,0.0,8.0,0.0,89.0,2007,3,5.00627361534047,0,dry,1,0.01075
2007-04-01,0.01075,,5.38075,3.54,4.637,97.77425,73.67275,3.03775,2.5,4.29925,2.945,2.1815,5.46875,3.4270000000000005,2.7755,1.9184999999999999,3.17,0.0,0.0,7.0,0.0,65.0,2007,4,5.00627361534047,0,rainy,1,0.01075
2007-05-01,0.01075,,5.415,3.6195,4.7875,99.92875000000001,75.3585,3.0665,2.55025,4.393,3.008,2.23,5.566000000000001,3.4170000000000003,2.836,1.9715,3.17,0.0,0.0,4.0,0.0,64.0,2007,5,5.00627361534047,1,rainy,1,0.01075
2007-06-01,0.01075,,5.41275,3.6365000000000003,4.81725,101.081,76.29125,3.0469999999999997,2.56175,4.4765,3.02325,2.23975,5.53525,3.3884999999999996,2.8495,1.9835,3.16,0.0,0.0,4.0,0.0,19.0,2007,6,5.00627361534047,1,rainy,1,0.01075
2007-07-01,0.01075,,5.46225,3.75575,5.1045,104.74324999999999,79.11275,3.09825,2.627,4.6594999999999995,3.102,2.30175,5.859,3.3902500000000004,2.9212499999999997,2.0482500000000003,3.15,0.0,0.0,11.0,0.0,344.0,2007,7,5.00627361534047,1,rainy,1,0.01075
2007-08-01,0.01075,,5.44125,3.7677500000000004,5.318,105.24974999999999,79.46425,3.007,2.6345,4.71675,3.11125,2.3125,5.79425,3.3845,2.93275,2.05,3.15,0.0,0.0,9.0,0.0,197.0,2007,8,5.00627361534047,0,rainy,1,0.012
2007-09-01,0.012,,5.632,4.1115,5.70325,112.91324999999999,85.57300000000001,3.3667499999999997,2.8795,4.9487499999999995,3.4557499999999997,2.5395,6.21275,3.47125,3.21575,2.31675,3.14,0.0,0.0,6.0,0.0,45.0,2007,9,5.00627361534047,0,rainy,1,0.011
2007-10-01,0.011,,5.4375,3.77825,5.31825,104.38825,78.75325000000001,3.0175,2.6375,4.6674999999999995,3.1197500000000002,2.31875,5.833,3.40525,2.9370000000000003,2.055,3.14,0.0,0.0,2.0,0.0,38.0,2007,10,5.00627361534047,0,harvest,1,0.012750000000000001
2007-11-01,0.012750000000000001,,5.74375,4.32425,5.98975,119.65675000000002,91.0865,3.56175,3.02975,5.2604999999999995,3.66325,2.682,6.503,3.4537500000000003,3.3907499999999997,2.48975,3.14,0.0,0.0,1.0,0.0,31.0,2007,11,5.00627361534047,0,harvest,1,0.013000000000000001
2007-12-01,0.013000000000000001,,5.7170000000000005,4.3385,6.1735,119.17025000000001,90.53325,3.5335,3.0255,5.26425,3.66,2.67575,6.499750000000001,3.49675,3.38525,2.4787500000000002,3.13,0.0,0.0,3.0,0.0,9.0,2007,12,5.00627361534047,0,dry,1,0.01225
2008-01-01,0.01225,20.36225,5.7025,4.277,6.00925,116.84349999999999,88.58475,3.47675,2.98175,5.19675,3.60325,2.631,6.467499999999999,3.5477499999999997,3.3335,2.4259999999999997,3.13,0.0,0.0,10.0,0.0,49.0,2008,1,5.00627361534047,0,dry,1,0.01225
2008-02-01,0.01225,23.2155,5.69225,4.26,5.935499999999999,116.4295,88.20750000000001,3.465,2.96975,5.22325,3.588,2.61625,6.48575,3.5955,3.31625,2.409,3.14,0.0,0.0,20.0,0.0,168.0,2008,2,5.00627361534047,0,dry,1,0.012750000000000001
2008-03-01,0.012750000000000001,27.639,5.811,4.4725,6.2065,120.8525,91.75575,3.6905,3.12,5.46275,3.7957500000000004,2.73825,6.75475,3.78525,3.4837499999999997,2.55825,3.14,0.0,0.0,3.0,0.0,23.0,2008,3,5.00627361534047,0,dry,1,0.013250000000000001
2008-04-01,0.013250000000000001,26.476999999999997,5.81825,4.5592500000000005,6.353,122.703,93.17675,3.7662500000000003,3.16,5.5805,3.8435,2.77225,6.89525,3.81825,3.52975,2.5927499999999997,3.15,0.0,0.0,1.0,0.0,1.0,2008,4,5.00627361534047,0,rainy,1,0.014499999999999999
2008-05-01,0.014499999999999999,32.960750000000004,5.983,4.8875,6.728999999999999,131.0115,100.06575000000001,4.13725,3.40525,5.9785,4.17425,2.971,7.256,3.8857500000000003,3.7960000000000003,2.85725,3.16,0.0,0.0,8.0,0.0,401.0,2008,5,5.00627361534047,1,rainy,1,0.014499999999999999
2008-06-01,0.014499999999999999,34.0195,6.0195,4.98625,6.898000000000001,133.63299999999998,102.1875,4.218249999999999,3.45925,6.103,4.238,3.01175,7.411,3.88525,3.8560000000000003,2.913,3.17,0.0,0.0,5.0,0.0,42.0,2008,6,5.00627361534047,1,rainy,1,0.01575
2008-07-01,0.01575,36.67425,6.13375,5.2295,7.309749999999999,140.60875000000001,107.91125,4.5295000000000005,3.6582500000000002,6.3965000000000005,4.51975,3.1855,7.76575,3.96525,4.07675,3.14725,3.19,0.0,0.0,2.0,0.0,0.0,2008,7,5.00627361534047,1,rainy,1,0.01925
2008-08-01,0.01925,44.7505,6.2675,5.49225,7.46975,150.02075,115.72025000000001,4.9355,3.886,6.84325,4.823,3.3652500000000005,8.15325,4.01975,4.32175,3.4075,3.22,0.0,0.0,7.0,0.0,128.0,2008,8,5.00627361534047,0,rainy,1,0.02
2008-09-01,0.02,40.7255,6.36875,5.741,7.833,158.15,122.40150000000001,5.27675,4.05075,7.22875,5.01925,3.504,8.29425,4.012,4.5105,3.58975,3.2400000000000007,0.0,0.0,17.0,0.0,111.0,2008,9,5.00627361534047,0,rainy,1,0.01575
2008-10-01,0.01575,36.46975,6.186249999999999,5.26525,7.6745,142.588,109.43599999999999,4.603,3.6155,6.47925,4.4072499999999994,3.1495,7.75775,3.7947499999999996,4.0409999999999995,3.1025,3.2700000000000005,0.0,0.0,5.0,0.0,86.0,2008,10,5.00627361534047,0,harvest,1,0.015
2008-11-01,0.015,15.850999999999999,6.138,5.13225,7.696250000000001,138.38975,105.96475000000001,4.516,3.5164999999999997,6.2589999999999995,4.257,3.0612500000000002,7.688750000000001,3.7515,3.93175,2.9852499999999997,3.3,0.0,0.0,6.0,0.0,20.0,2008,11,5.00627361534047,0,harvest,1,0.0175
2008-12-01,0.0175,24.105,6.28975,5.44625,7.985250000000001,148.074,113.91375000000001,4.968999999999999,3.76175,6.6135,4.58125,3.2672499999999998,8.129000000000001,3.761,4.20525,3.27475,3.3299999999999996,0.0,0.0,14.0,0.0,212.0,2008,12,5.00627361534047,0,dry,1,0.019
2009-01-01,0.019,34.50625,6.455500000000001,5.76275,8.51275,157.48825,121.88924999999999,5.474,4.0455,6.986,4.9865,3.5149999999999997,8.238249999999999,3.7835,4.5295000000000005,3.6384999999999996,3.35,0.0,0.0,25.0,0.0,350.0,2009,1,5.00627361534047,0,dry,1,0.018
2009-02-01,0.018,29.690749999999998,6.333,5.6552500000000006,8.35725,152.03175000000002,117.00975000000001,5.3675,3.8337499999999998,6.805249999999999,4.6385,3.311,8.74625,3.7495,4.2725,3.33525,3.38,0.0,0.0,15.0,0.0,48.0,2009,2,5.00627361534047,0,dry,1,0.014000000000000002
2009-03-01,0.014000000000000002,7.635250000000001,6.061249999999999,4.9785,7.34575,131.14000000000001,99.6605,4.750249999999999,3.2630000000000003,6.0402499999999995,3.904,2.80975,8.416,3.91125,3.62625,2.6145,3.41,0.0,0.0,15.0,0.0,886.0,2009,3,5.00627361534047,0,dry,1,0.014499999999999999
2009-04-01,0.014499999999999999,9.444749999999999,5.9875,5.0865,6.89925,131.12775,100.006,4.821,3.4075,6.581,4.1899999999999995,2.89725,8.73175,5.2635,3.743,2.678,3.44,0.0,0.0,5.0,0.0,299.0,2009,4,5.00627361534047,0,rainy,1,0.01875
2009-05-01,0.01875,21.54725,7.783499999999999,5.9025,8.159,159.18824999999998,121.79974999999999,5.062749999999999,4.068,7.6739999999999995,4.91025,3.3972500000000005,9.2845,5.6325,4.5175,3.19375,3.46,0.0,0.0,8.0,0.0,394.0,2009,5,5.00627361534047,1,rainy,1,0.0185
2009-06-01,0.0185,18.14,7.752750000000001,5.935499999999999,8.1425,157.00975,120.78775,5.088,4.00625,7.673,4.84975,3.3927500000000004,9.39225,5.69325,4.439500000000001,3.1555,3.4900000000000007,0.0,0.0,5.0,0.0,6.0,2009,6,5.00627361534047,1,rainy,1,0.021249999999999998
2009-07-01,0.021249999999999998,23.316499999999998,7.9094999999999995,6.372249999999999,9.16975,172.36700000000002,133.4595,5.313000000000001,4.39375,8.419,5.4662500000000005,3.751,10.49225,5.9535,4.87925,3.7097500000000005,3.5,0.0,0.0,4.0,0.0,35.0,2009,7,5.00627361534047,1,rainy,1,0.02175
2009-08-01,0.02175,22.09125,9.0275,6.601999999999999,9.635,183.1605,142.45775,5.15025,4.57825,8.87975,5.59975,3.899,10.692499999999999,5.92975,5.1145000000000005,3.7335000000000003,3.5,0.0,0.0,6.0,0.0,265.0,2009,8,5.00627361534047,0,rainy,1,0.0215
2009-09-01,0.0215,14.817249999999998,8.33775,6.4825,8.77025,179.3295,139.2845,5.229,4.51025,9.0905,5.5765,3.82425,10.29575,5.8774999999999995,5.025,3.719,3.5,0.0,0.0,9.0,0.0,248.0,2009,9,5.00627361534047,0,rainy,1,0.020749999999999998
2009-10-01,0.020749999999999998,22.43725,7.58825,6.276,7.877750000000001,172.08499999999998,133.04075,5.2755,4.282500000000001,8.888,5.432,3.625,9.942499999999999,5.79825,4.74,3.7265,3.5,0.0,0.0,24.0,0.0,65.0,2009,10,5.00627361534047,0,harvest,1,0.02025
2009-11-01,0.02025,22.875999999999998,7.319500000000001,6.0745,7.4955,168.3055,130.13975,5.27525,4.2235,8.316500000000001,5.38075,3.5817500000000004,9.51425,5.759,4.67925,3.67575,3.5,0.0,0.0,7.0,0.0,87.0,2009,11,5.00627361534047,0,harvest,1,0.020749999999999998
2009-12-01,0.020749999999999998,16.1025,7.129250000000001,6.221500000000001,7.35275,168.68,130.45975,5.453,4.32125,8.17225,5.55425,3.66725,9.62075,6.055750000000001,4.7835,3.7939999999999996,3.5,0.0,0.0,2.0,0.0,6.0,2009,12,5.00627361534047,0,dry,1,0.020999999999999998
2010-01-01,0.020999999999999998,13.36825,7.206999999999999,6.3575,7.60775,175.94075,136.495,5.77125,4.4955,8.47175,5.89525,3.81625,9.6015,6.123749999999999,4.986,4.064,3.5,0.0,0.0,4.0,0.0,190.0,2010,1,1.16962180301108,0,dry,1,0.0215
2010-02-01,0.0215,18.7755,7.1682500000000005,6.374499999999999,7.6995000000000005,174.55450000000002,135.744,5.5745,4.641,8.57475,6.1285,3.9442500000000003,9.743,6.24225,5.12575,4.2225,3.5,0.0,0.0,8.0,0.0,241.0,2010,2,1.16962180301108,0,dry,1,0.021249999999999998
2010-03-01,0.021249999999999998,35.99325,7.11875,6.33725,7.598000000000001,172.25349999999997,134.019,5.55025,4.6305,8.45575,6.120749999999999,3.93575,9.603,6.11225,5.11125,4.2524999999999995,3.5,0.0,0.0,10.0,0.0,188.0,2010,3,1.16962180301108,0,dry,1,0.02175
2010-04-01,0.02175,35.023,7.15375,6.5592500000000005,7.8185,175.51575,136.4175,5.80725,4.72625,8.68575,6.229,4.0009999999999994,9.9595,6.5105,5.214499999999999,4.280749999999999,3.5,0.0,0.0,10.0,0.0,123.0,2010,4,1.16962180301108,0,rainy,1,0.02175
2010-05-01,0.02175,15.849,7.325749999999999,6.604000000000001,7.8790000000000004,179.7835,139.99425,5.7467500000000005,4.7625,9.004999999999999,6.2315,4.019,10.34225,6.7395,5.2405,4.2524999999999995,3.5,0.0,0.0,18.0,0.0,471.0,2010,5,1.16962180301108,1,rainy,1,0.020999999999999998
2010-06-01,0.020999999999999998,11.987,7.3075,6.3875,7.5215000000000005,174.43625,135.0345,5.72375,4.4015,8.887,5.57175,3.6732500000000003,10.676,6.6955,4.8340000000000005,3.7037500000000003,3.5,0.0,0.0,11.0,0.0,191.0,2010,6,1.16962180301108,1,rainy,1,0.02175
2010-07-01,0.02175,5.73525,7.94975,6.6267499999999995,7.9265,180.61849999999998,140.39849999999998,5.783250000000001,4.61325,9.15025,5.80475,3.8567500000000003,11.16475,6.949250000000001,5.07275,3.8515,3.54,0.0,0.0,5.0,0.0,82.0,2010,7,1.16962180301108,1,rainy,1,0.0215
2010-08-01,0.0215,-0.09800000000000006,7.9495000000000005,6.622,7.78725,179.77975,139.44525000000002,5.98325,4.5520000000000005,9.1505,5.67175,3.78,11.2835,7.09125,4.99325,3.75275,3.63,0.0,0.0,1.0,0.0,25.0,2010,8,1.16962180301108,0,rainy,1,0.02225
2010-09-01,0.02225,5.96075,8.544500000000001,6.85675,7.948,187.202,145.90550000000002,6.30725,4.77725,9.42225,5.9335,3.9604999999999997,11.52075,7.4357500000000005,5.24525,3.99525,3.72,0.0,0.0,9.0,0.0,58.0,2010,9,1.16962180301108,0,rainy,1,0.0245
2010-10-01,0.0245,16.22725,8.2985,7.05175,8.1065,199.07925,155.75975,6.68,4.9015,9.93425,5.938750000000001,4.01775,12.157,7.493,5.3375,3.9582500000000005,3.8,0.0,0.0,3.0,0.0,2.0,2010,10,1.16962180301108,0,harvest,1,0.02475
2010-11-01,0.02475,21.80025,8.243,7.1855,8.10975,203.6015,159.006,7.02025,5.11875,10.072,6.201,4.1525,12.27075,7.91175,5.501250000000001,4.14175,3.8899999999999997,0.0,0.0,4.0,0.0,99.0,2010,11,1.16962180301108,0,harvest,1,0.025
2010-12-01,0.025,25.849,8.486749999999999,7.42025,8.49375,208.67775,163.9065,7.3157499999999995,5.38225,10.250499999999999,6.91175,4.49075,13.067249999999998,8.428749999999999,5.934749999999999,4.526,3.9799999999999995,0.0,0.0,11.0,0.0,120.0,2010,12,1.16962180301108,0,dry,1,0.027250000000000003
2011-01-01,0.027250000000000003,34.428999999999995,9.036249999999999,8.16625,9.5285,230.88575,182.28975,7.919499999999999,6.01975,11.45825,7.7315,4.9799999999999995,14.88525,9.256,6.5605,4.96575,4.06,0.0,0.0,14.0,0.0,104.0,2011,1,46.8521757193597,0,dry,1,0.025500000000000002
2011-02-01,0.025500000000000002,22.8855,8.69425,7.63725,8.99375,214.37150000000003,168.4415,7.505750000000001,5.58425,10.57625,7.084999999999999,4.58275,13.341999999999999,8.67925,6.0765,4.681,4.15,0.0,0.0,18.0,0.0,469.0,2011,2,46.8521757193597,0,dry,1,0.02375
2011-03-01,0.02375,12.6075,8.6695,7.0025,8.26825,193.726,150.86700000000002,6.627,4.9955,9.5045,6.11075,4.11275,11.8985,8.09525,5.47825,4.224,4.23,0.0,0.0,12.0,0.0,225.0,2011,3,46.8521757193597,0,dry,1,0.024
2011-04-01,0.024,12.443000000000001,8.244,7.15975,8.093250000000001,196.33625,152.912,7.01425,5.17675,9.71125,6.4959999999999996,4.225,12.44575,8.83425,5.6415,4.45175,4.32,0.0,0.0,18.0,0.0,378.0,2011,4,46.8521757193597,0,rainy,1,0.02525
2011-05-01,0.02525,21.30325,9.50775,7.7495,9.227500000000001,215.1075,168.442,7.368250000000001,5.6735,10.8705,7.21725,4.662000000000001,13.9165,9.329,6.24925,4.9215,4.4,0.0,0.0,21.0,0.0,300.0,2011,5,46.8521757193597,1,rainy,1,0.029249999999999998
2011-06-01,0.029249999999999998,41.8495,10.39625,8.662749999999999,10.39525,237.9495,187.20975,8.045,6.34525,12.5525,8.0995,5.15125,15.518,10.7795,6.9487499999999995,5.48925,4.49,0.0,0.0,48.0,0.0,897.0,2011,6,46.8521757193597,1,rainy,1,0.03075
2011-07-01,0.03075,42.17675,10.36875,8.793,11.620999999999999,247.08025000000004,195.99275,7.319750000000001,6.507250000000001,13.983,8.747,5.376250000000001,15.4085,9.916500000000001,7.16425,5.686,3.4799999999999995,0.0,0.0,2.0,0.0,5.0,2011,7,46.8521757193597,1,rainy,1,0.034249999999999996
2011-08-01,0.034249999999999996,66.47749999999999,12.0475,10.306999999999999,13.285499999999999,282.39125,225.17575000000002,9.027249999999999,7.78825,16.2855,10.28275,6.224,19.0165,13.113999999999999,8.44275,6.488249999999999,3.78,0.0,5.0,2.0,700.0,8.0,2011,8,46.8521757193597,0,rainy,1,0.03575
2011-09-01,0.03575,68.29475,12.30775,10.95875,13.9565,291.27775,232.744,10.0445,8.193999999999999,17.25675,10.87225,6.5085,19.850749999999998,14.5645,8.870999999999999,6.880249999999999,3.95,0.0,5.0,13.0,52.0,84.0,2011,9,46.8521757193597,0,rainy,1,0.03725
2011-10-01,0.03725,68.73275,12.999,11.4655,14.342250000000002,308.21225,247.44825,10.01325,8.63825,18.16975,11.526,6.909999999999999,19.86225,14.0945,9.378499999999999,7.48775,4.02,0.0,7.0,6.0,114.0,28.0,2011,10,46.8521757193597,0,harvest,1,0.038
2011-11-01,0.038,66.89425,12.39325,11.4255,14.224250000000001,311.75275,250.9795,9.854000000000001,8.761750000000001,18.525,11.86125,7.0155,20.0925,13.3595,9.506499999999999,7.962999999999999,3.7299999999999995,0.0,5.0,4.0,26.0,8.0,2011,11,46.8521757193597,0,harvest,1,0.03775
2011-12-01,0.03775,60.847249999999995,12.11975,11.34225,13.790000000000001,313.84299999999996,252.5895,9.833499999999999,8.75925,18.453,12.06775,7.02125,20.13675,13.285,9.511,8.033,3.66,0.0,9.0,7.0,302.0,61.0,2011,12,46.8521757193597,0,dry,1,0.041249999999999995
2012-01-01,0.041249999999999995,56.408,14.102500000000001,11.807500000000001,14.5795,340.1855,275.86424999999997,9.9245,9.24875,19.903,12.428,7.371250000000001,21.486250000000002,13.977250000000002,10.088750000000001,8.1595,3.5799999999999996,235.512,12.0,9.0,346.0,84.0,2012,1,45.5258978371706,0,dry,0,0.03725
2012-02-01,0.03725,54.62075,13.053749999999999,11.0055,12.90925,313.04525,252.01925,9.764,8.45925,18.302,11.38625,6.70025,20.5415,13.5595,9.1175,7.31725,3.66,36.144,3.0,8.0,29.0,186.0,2012,2,45.5258978371706,0,dry,0,0.039
2012-03-01,0.039,75.021,14.517500000000002,11.28925,13.562000000000001,321.381,260.10425,10.0285,8.69125,18.871000000000002,11.60275,6.91725,20.702,13.824250000000001,9.406,7.2090000000000005,3.5799999999999996,0.0,8.0,11.0,201.0,161.0,2012,3,45.5258978371706,0,dry,0,0.03875
2012-04-01,0.03875,71.617,13.03125,11.679,13.4025,318.17875,255.894,10.681000000000001,8.50925,19.2465,10.85675,6.7935,21.51175,14.69425,9.220749999999999,6.7485,3.91,0.0,7.0,19.0,41.0,336.0,2012,4,45.5258978371706,0,rainy,0,0.045
2012-05-01,0.045,76.301,13.5315,13.454249999999998,14.7285,353.02575,285.37525,11.88175,9.765,22.01625,12.6425,7.897499999999999,23.35825,17.19775,10.677249999999999,8.091,4.43,0.0,6.0,3.0,54.0,43.0,2012,5,45.5258978371706,1,rainy,0,0.043
2012-06-01,0.043,51.1105,15.498249999999999,12.78725,14.815000000000001,345.20375,279.669,10.756,9.370000000000001,20.616,11.304,7.554250000000001,21.87625,15.0615,10.29375,7.447,4.94,0.0,0.0,7.0,0.0,54.0,2012,6,45.5258978371706,1,rainy,0,0.0375
2012-07-01,0.0375,31.087,12.743,11.9745,14.05225,311.37874999999997,250.25175,10.11875,8.5925,18.17475,10.118,6.9895,19.26675,12.709,9.48925,7.120749999999999,5.15,0.0,2.0,12.0,1.0,154.0,2012,7,45.5258978371706,1,rainy,0,0.041749999999999995
2012-08-01,0.041749999999999995,19.8325,12.842249999999998,13.094249999999999,15.116249999999999,331.03650000000005,266.187,10.394,9.358,19.61225,11.451,7.653499999999999,20.788,13.971250000000001,10.37175,8.16025,5.34,0.0,1.0,9.0,3.0,44.0,2012,8,45.5258978371706,0,rainy,0,0.041749999999999995
2012-09-01,0.041749999999999995,15.37575,13.74725,12.872499999999999,14.595250000000002,333.56100000000004,269.07275,11.0015,9.3925,19.969749999999998,11.79575,7.601999999999999,21.1605,15.311250000000001,10.32425,7.964,4.98,0.0,0.0,9.0,0.0,342.0,2012,9,45.5258978371706,0,rainy,0,0.044
2012-10-01,0.044,16.00925,12.3545,13.2895,14.4485,353.47125,285.12649999999996,11.0315,9.81075,22.49325,13.059999999999999,7.914499999999999,22.836750000000002,15.842500000000001,10.70925,8.99975,4.44,0.0,2.0,13.0,7.0,43.0,2012,10,45.5258978371706,0,harvest,0,0.042499999999999996
2012-11-01,0.042499999999999996,10.901250000000001,11.827,12.907,13.841999999999999,341.4345,275.28775,10.89575,9.61325,20.764249999999997,12.941749999999999,7.7620000000000005,21.7195,15.294,10.48775,8.819500000000001,4.36,0.0,3.0,8.0,47.0,25.0,2012,11,45.5258978371706,0,harvest,0,0.04325
2012-12-01,0.04325,13.363999999999999,11.20275,13.07975,13.52625,352.14375,282.98775,11.10375,9.788250000000001,21.0245,13.19975,7.8825,22.0155,15.015,10.68925,9.436,4.29,0.0,15.0,7.0,135.0,53.0,2012,12,45.5258978371706,0,dry,0,0.041
2013-01-01,0.041,-0.8287500000000001,11.05,12.371500000000001,13.397,329.6945,264.37375,10.84525,9.052,19.64675,11.968250000000001,7.2875,20.999000000000002,14.71675,9.84925,8.3025,4.25,0.0,4.0,14.0,30.0,427.0,2013,1,-0.0580909784225664,0,dry,0,0.038
2013-02-01,0.038,2.9165,10.803,12.024750000000001,12.903749999999999,315.163,251.94074999999998,11.22725,8.693000000000001,19.12725,11.46875,6.910500000000001,21.05825,15.47825,9.36275,7.53825,4.19,0.0,3.0,17.0,100.0,317.0,2013,2,-0.0580909784225664,0,dry,0,0.03725
2013-03-01,0.03725,-2.828,10.23175,11.5855,12.68825,306.68850000000003,245.34250000000003,10.751000000000001,8.45475,18.30425,11.1525,6.781499999999999,20.04025,13.89425,9.1345,7.45725,4.06,0.0,5.0,6.0,30.0,11.0,2013,3,-0.0580909784225664,0,dry,0,0.04
2013-04-01,0.04,3.2024999999999997,10.571250000000001,12.16825,13.39375,328.96525,263.44225,10.95675,8.83175,20.095750000000002,11.810500000000001,7.0760000000000005,21.999000000000002,14.292250000000001,9.518,7.85125,3.8600000000000003,4.696,5.0,29.0,14.0,297.0,2013,4,-0.0580909784225664,0,rainy,1,0.041
2013-05-01,0.041,-7.116249999999999,10.713750000000001,12.346,13.559999999999999,334.36424999999997,267.83849999999995,11.13975,9.02025,20.32175,12.14275,7.21825,22.56625,14.770249999999999,9.72,8.1605,3.94,67.473,7.0,12.0,53.0,185.0,2013,5,-0.0580909784225664,1,rainy,1,0.042499999999999996
2013-06-01,0.042499999999999996,-0.25649999999999995,11.3625,12.62725,13.74925,346.8835,278.459,11.4035,9.3225,21.2335,12.69425,7.4239999999999995,23.17425,15.49,10.033750000000001,8.440000000000001,4.22,155.842,0.0,8.0,0.0,115.0,2013,6,-0.0580909784225664,1,rainy,1,0.03975
2013-07-01,0.03975,5.688750000000001,10.80875,12.348,13.272,332.541,265.421,11.2805,8.75775,20.419249999999998,11.85575,6.8905,22.834,15.10925,9.40475,7.73725,4.28,169.813,1.0,11.0,19.0,128.0,2013,7,-0.0580909784225664,1,rainy,1,0.042499999999999996
2013-08-01,0.042499999999999996,4.139,11.19875,12.80575,13.547749999999999,348.98224999999996,279.5335,11.6605,9.44825,21.286,12.898500000000002,7.502750000000001,23.41275,15.64725,10.18925,8.82925,4.5,149.087,1.0,10.0,0.0,196.0,2013,8,-0.0580909784225664,0,rainy,1,0.041
2013-09-01,0.041,-2.49525,11.28825,12.2715,13.156,330.799,265.039,11.2455,8.946250000000001,20.0775,12.16375,7.10025,21.689500000000002,14.976500000000001,9.6485,7.9925,4.4,173.318,0.0,4.0,0.0,84.0,2013,9,-0.0580909784225664,0,rainy,1,0.03975
2013-10-01,0.03975,-8.9025,11.02,12.04925,12.775,327.35675000000003,262.09325,11.14525,8.91725,19.34125,11.9185,7.0845,20.9465,14.366249999999999,9.6365,8.18525,4.38,211.157,2.0,3.0,43.0,5.0,2013,10,-0.0580909784225664,0,harvest,1,0.0405
2013-11-01,0.0405,-5.703,10.92475,12.200750000000001,12.686499999999999,327.44899999999996,261.89975,11.41425,9.022,19.10125,11.87925,7.14575,20.892,14.663749999999999,9.7585,8.439499999999999,4.48,232.501,2.0,19.0,2.0,144.0,2013,11,-0.0580909784225664,0,harvest,1,0.04075
2013-12-01,0.04075,-7.013,11.2875,12.342,12.92775,329.61225,263.80525,11.003499999999999,9.18625,19.134999999999998,12.241,7.2995,20.184,14.2345,9.968250000000001,8.810500000000001,4.67,217.481,69.0,8.0,1536.0,50.0,2013,12,-0.0580909784225664,0,dry,1,0.044
2014-01-01,0.044,7.55025,15.63475,12.91125,13.756499999999999,357.8795,288.65725000000003,10.99775,9.80175,20.83925,12.55925,7.7,21.988,16.08225,10.62325,8.99725,4.75,150.04,36.0,16.0,290.0,86.0,2014,1,1.6742990629552,0,dry,1,0.0375
2014-02-01,0.0375,-2.78525,14.152750000000001,11.55475,12.7865,311.12125000000003,249.7105,9.870999999999999,8.38775,18.39175,10.5535,6.585249999999999,20.60875,14.2625,9.04425,6.683,4.18,151.346,26.0,14.0,212.0,225.0,2014,2,1.6742990629552,0,dry,1,0.036
2014-03-01,0.036,-0.5602499999999999,13.52025,11.256,12.900749999999999,307.65525,247.22475,9.6665,8.205499999999999,18.145500000000002,10.72575,6.5265,20.59425,13.785,8.85225,6.444750000000001,3.9799999999999995,150.291,6.0,36.0,76.0,367.0,2014,3,1.6742990629552,0,dry,1,0.03525
2014-04-01,0.03525,-9.15,13.17925,10.89875,12.8175,299.64925,240.7135,9.48875,8.0075,17.51475,10.39,6.401000000000001,19.90275,12.906749999999999,8.69125,6.32325,3.88,149.447,12.0,13.0,962.0,39.0,2014,4,1.6742990629552,0,rainy,1,0.033999999999999996
2014-05-01,0.033999999999999996,-15.348249999999998,12.35125,10.764750000000001,12.238,282.5125,225.2125,9.381499999999999,7.572750000000001,16.50275,9.094,6.02325,18.9835,12.73925,8.224250000000001,5.8767499999999995,4.23,149.006,8.0,17.0,77.0,149.0,2014,5,1.6742990629552,1,rainy,1,0.034999999999999996
2014-06-01,0.034999999999999996,-15.163499999999999,12.524750000000001,11.095749999999999,12.222249999999999,292.31350000000003,233.07,9.81825,7.911499999999999,16.9755,9.564,6.25875,19.307499999999997,13.2085,8.605,6.41725,4.45,147.748,4.0,21.0,23.0,342.0,2014,6,1.6742990629552,1,rainy,1,0.034749999999999996
2014-07-01,0.034749999999999996,-12.089,12.52,11.081,12.1875,292.029,232.017,9.98425,7.86425,16.69625,9.60625,6.1525,19.683500000000002,13.226249999999999,8.524,6.605500000000001,4.69,146.892,9.0,8.0,370.0,83.0,2014,7,1.6742990629552,1,rainy,1,0.038
2014-08-01,0.038,-9.141,11.0215,11.998000000000001,12.656749999999999,312.88275,250.12175000000002,11.30625,8.77225,18.482499999999998,11.631,6.95475,20.94025,14.464500000000001,9.4625,7.99,4.66,146.451,4.0,6.0,161.0,329.0,2014,8,1.6742990629552,0,rainy,1,0.0375
2014-09-01,0.0375,-6.28675,10.91775,11.65775,12.5235,306.25775,244.94924999999998,10.8225,8.631499999999999,17.66375,11.6395,6.912000000000001,19.691,13.48375,9.361,8.0935,4.69,146.154,9.0,6.0,267.0,59.0,2014,9,1.6742990629552,0,rainy,1,0.03825
2014-10-01,0.03825,-2.0135,11.56975,11.963750000000001,12.4625,315.47475,252.29175,10.98475,8.89575,17.98875,11.8275,7.08575,19.784,13.93425,9.661249999999999,8.49825,5.31,145.851,4.0,8.0,16.0,27.0,2014,10,1.6742990629552,0,harvest,1,0.04125
2014-11-01,0.04125,5.37125,11.5405,12.870750000000001,12.4215,338.19525,270.9935,12.2385,9.68675,19.30475,13.5725,7.686249999999999,20.98125,15.00675,10.502500000000001,9.79425,5.73,145.541,4.0,6.0,37.0,161.0,2014,11,1.6742990629552,0,harvest,1,0.041749999999999995
2014-12-01,0.041749999999999995,3.6152500000000005,11.5865,12.75375,12.886750000000001,339.58325,271.18600000000004,12.159749999999999,9.59975,19.85225,12.9495,7.615,21.0,14.877,10.51275,10.049,5.88,144.665,3.0,9.0,0.0,45.0,2014,12,1.6742990629552,0,dry,1,0.044
2015-01-01,0.044,0.8534999999999998,10.8435,13.8845,13.416999999999998,358.2815,284.98825,12.992500000000001,9.93025,21.1335,13.139500000000002,7.776000000000001,23.034,15.223500000000001,10.802,10.39575,6.43,154.302,6.0,63.0,29.0,391.0,2015,1,52.7663304192143,0,dry,1,0.047
2015-02-01,0.047,23.937,11.370000000000001,14.486500000000001,13.975249999999999,381.69025,306.39675,13.72475,10.7835,22.2865,15.653749999999999,8.5445,24.10625,15.719249999999999,11.75075,11.85375,6.83,154.055,6.0,60.0,170.0,200.0,2015,2,52.7663304192143,0,dry,1,0.0485
2015-03-01,0.0485,27.7385,11.5385,15.198249999999998,14.29975,387.5055,310.634,14.44125,11.0245,22.740000000000002,15.715,8.692,25.28325,16.69875,12.02675,12.0925,7.480000000000001,154.807,9.0,34.0,259.0,507.0,2015,3,52.7663304192143,0,dry,1,0.05600000000000001
2015-04-01,0.05600000000000001,55.314249999999994,14.11475,18.1565,17.96875,454.39799999999997,368.142,17.244,12.809999999999999,27.946499999999997,17.6175,10.08175,31.19325,20.3865,14.07175,13.4095,8.88,154.559,22.0,30.0,133.0,373.0,2015,4,52.7663304192143,0,rainy,1,0.0615
2015-05-01,0.0615,80.5965,16.511,20.39025,20.2315,499.33175,405.44075,20.0895,14.091249999999999,30.460250000000002,18.3235,10.74225,33.70925,24.2915,15.544999999999998,15.9265,10.25,145.551,18.0,26.0,100.0,361.0,2015,5,52.7663304192143,1,rainy,1,0.0695
2015-06-01,0.0695,94.48049999999999,18.896,23.37275,23.4095,552.28025,453.71975000000003,21.92825,15.75025,33.689,22.30325,12.088,35.2055,25.622000000000003,17.2385,16.9965,11.85,154.656,8.0,23.0,26.0,167.0,2015,6,52.7663304192143,1,rainy,1,0.07150000000000001
2015-07-01,0.07150000000000001,103.32000000000001,20.17225,24.36675,23.264,577.58,473.46575,24.181,16.212,35.160000000000004,24.214,12.219249999999999,37.318,28.109750000000002,17.5295,16.8665,13.95,154.835,5.0,19.0,25.0,224.0,2015,7,52.7663304192143,1,rainy,1,0.07625000000000001
2015-08-01,0.07625000000000001,100.0625,21.55275,25.746999999999996,23.3525,618.3027500000001,508.80725,25.20275,17.31175,36.8575,24.66675,12.996,39.751,29.377,18.72625,18.5325,14.15,151.652,0.0,9.0,0.0,94.0,2015,8,52.7663304192143,0,rainy,1,0.0825
2015-09-01,0.0825,120.42699999999999,25.03125,28.94625,24.44725,662.528,546.69375,26.802999999999997,18.86275,38.59625,26.360750000000003,14.254749999999998,40.48025,29.29325,20.544999999999998,20.21275,16.05,151.831,4.0,27.0,36.0,51.0,2015,9,52.7663304192143,0,rainy,1,0.092
2015-10-01,0.092,137.54025,27.996499999999997,32.98825,26.320749999999997,739.4265,611.26475,30.060750000000002,20.87825,42.45625,26.72425,15.70875,45.939,31.684500000000003,22.9835,23.246000000000002,18.65,151.571,9.0,18.0,321.0,34.0,2015,10,52.7663304192143,0,harvest,1,0.0995
2015-11-01,0.0995,140.1385,29.02075,35.447500000000005,27.469,799.6605000000001,663.65575,31.2885,22.565,45.6415,29.260250000000003,17.154,50.1585,32.677499999999995,24.91225,25.80025,18.0,151.937,7.0,26.0,27.0,54.0,2015,11,52.7663304192143,0,harvest,1,0.10874999999999999
2015-12-01,0.10874999999999999,162.4135,29.827999999999996,38.8945,28.893,872.4694999999999,727.46875,32.650999999999996,24.31825,50.7025,31.8265,18.715,57.10725,34.399,26.865750000000002,27.481749999999998,18.5,152.125,5.0,30.0,11.0,102.0,2015,12,52.7663304192143,0,dry,1,0.12725
2016-01-01,0.12725,192.62025,32.472500000000004,43.927749999999996,31.391750000000002,1003.798,844.2657499999999,36.43,28.292,59.1765,41.053,22.07,67.46525,40.15775,31.338749999999997,30.082749999999997,22.4,151.0,3.0,64.0,64.0,604.0,2016,1,379.999585624026,0,dry,1,0.15050000000000002
2016-02-01,0.15050000000000002,223.36774999999997,40.52875,50.6045,37.429,1198.70175,1010.5772499999999,45.379000000000005,33.447,73.0485,50.3735,25.16,77.203,49.1155,36.73825,35.8575,31.0,152.0,8.0,30.0,229.0,287.0,2016,2,379.999585624026,0,dry,1,0.17475000000000002
2016-03-01,0.17475000000000002,269.479,46.3835,58.102,44.109750000000005,1388.7035,1169.3705,55.265,38.57625,89.83275,57.427499999999995,28.611,93.3745,60.71625,42.11025,42.51175,37.16,154.0,2.0,22.0,7.0,255.0,2016,3,379.999585624026,0,dry,1,0.17350000000000002
2016-04-01,0.17350000000000002,209.76525,46.45375,56.916,42.6445,1389.38475,1174.0040000000001,53.2,37.76625,89.36075,57.97475000000001,27.978500000000004,96.00175,60.805499999999995,40.9135,39.9805,31.829999999999995,155.0,3.0,50.0,11.0,439.0,2016,4,379.999585624026,0,rainy,1,0.19275
2016-05-01,0.19275,211.38925,51.038,62.58225,51.517250000000004,1522.3785,1287.191,58.59075,41.71325,99.7855,63.803250000000006,31.31825,106.583,70.34725,45.4345,43.704750000000004,35.82,156.0,1.0,15.0,1.0,77.0,2016,5,379.999585624026,1,rainy,1,0.22749999999999998
2016-06-01,0.22749999999999998,230.45925000000003,63.164750000000005,72.7245,64.9815,1779.69,1514.32975,63.4885,49.253,119.9905,78.23575,38.1565,135.21575,80.94149999999999,54.798500000000004,50.49825,45.22,157.0,4.0,14.0,63.0,91.0,2016,6,379.999585624026,1,rainy,1,0.2815
2016-07-01,0.2815,295.0685,69.526,90.61749999999999,82.59475,2141.5555,1846.84975,84.84125,61.911500000000004,151.06975,107.66125,48.268,171.03275000000002,93.91900000000001,69.03524999999999,59.982749999999996,58.52,152.0,18.0,17.0,378.0,63.0,2016,7,379.999585624026,1,rainy,1,0.353
2016-08-01,0.353,363.579,88.788,111.9135,88.11675,2697.116,2355.11275,110.36975,79.40950000000001,182.37650000000002,130.4735,58.3645,216.33325,121.17525,87.43025,82.15675,67.68,147.0,4.0,14.0,180.0,32.0,2016,8,379.999585624026,0,rainy,1,0.3825
2016-09-01,0.3825,367.592,101.81,119.08225,92.241,2913.2025000000003,2563.15125,130.1375,85.37225,182.3365,139.1585,63.074749999999995,206.47525000000002,135.567,94.792,87.559,76.08,141.0,6.0,15.0,19.0,79.0,2016,9,379.999585624026,0,rainy,1,0.388
2016-10-01,0.388,324.712,103.17425,120.13550000000001,97.10024999999999,2961.15,2607.475,129.87175,88.36275,180.94975,142.75825,64.47775,202.284,137.88675,97.66925,93.12,75.9,149.0,4.0,4.0,123.0,30.0,2016,10,379.999585624026,0,harvest,1,0.42474999999999996
2016-11-01,0.42474999999999996,328.80875000000003,118.09649999999999,136.2115,109.98575000000001,3243.93,2859.35025,146.78175,99.447,194.8845,155.2625,72.15875,216.57775,150.61724999999998,110.03824999999999,109.88250000000001,83.76,173.0,7.0,5.0,60.0,40.0,2016,11,379.999585624026,0,harvest,1,0.46900000000000003
2016-12-01,0.46900000000000003,331.0765,134.0795,148.857,121.17474999999999,3614.1557500000004,3173.525,169.23875,109.5945,211.065,161.08599999999998,80.0205,244.02400000000003,165.049,121.22375,126.19775,89.05,143.0,9.0,0.0,168.0,0.0,2016,12,379.999585624026,0,dry,1,0.50075
2017-01-01,0.50075,295.8585,146.083,162.24475,130.4945,3871.3300000000004,3437.11025,177.44575,117.26924999999999,225.31275,188.524,84.36699999999999,268.23125,172.43824999999998,126.604,125.61724999999998,101.71,138.6701219811081,18.0,4.0,60.0,18.0,2017,1,187.851630279442,0,dry,1,0.53525
2017-02-01,0.53525,257.66975,152.11724999999998,176.88675,138.9135,4116.081749999999,3668.40375,186.86475000000002,124.84200000000001,240.33625,205.80949999999999,90.58425,309.55025,179.293,134.945,135.02525,113.2,161.5662564882886,5.0,5.0,21.0,5.0,2017,2,187.851630279442,0,dry,1,0.61875
2017-03-01,0.61875,253.25,176.98775,199.12625,169.36275,4710.3105000000005,4273.51325,212.41525000000001,142.0435,274.14875,226.70625,107.08324999999999,373.4665,211.98575,156.8455,150.61925,126.37,151.7456273221196,6.0,5.0,35.0,12.0,2017,3,187.851630279442,0,dry,1,0.72875
2017-04-01,0.72875,318.15975,206.09775,225.98224999999996,209.00525,5531.643,5133.5295,250.82274999999998,159.3535,323.063,267.4895,127.3375,416.79949999999997,243.516,181.5375,168.92525,150.53,152.0444158828196,22.0,12.0,299.0,159.0,2017,4,187.851630279442,0,rainy,1,0.7729999999999999
2017-05-01,0.7729999999999999,301.80825,208.32649999999998,239.545,224.28525,5882.9307499999995,5437.91075,276.53249999999997,167.53325,341.02125,277.7185,133.35525,450.14300000000003,250.13975,191.56725,177.796,150.0,148.0837240502861,10.0,11.0,110.0,142.0,2017,5,187.851630279442,1,rainy,1,0.8975
2017-06-01,0.8975,294.50625,277.26824999999997,255.776,244.82575000000003,6827.3237500000005,6392.6275000000005,279.25,183.17175,372.8915,290.66525,159.18975,504.48325000000006,280.896,220.94675,184.81225,153.21,147.5193595401398,5.0,8.0,70.0,22.0,2017,6,187.851630279442,1,rainy,1,0.9315
2017-07-01,0.9315,233.18725,271.322,264.73725,251.30974999999998,7085.956,6670.6044999999995,288.58525,187.19225,385.22950000000003,295.9085,164.881,524.37925,283.42275,224.87375000000003,184.9085,155.2,148.359314825545,11.0,5.0,73.0,56.0,2017,7,187.851630279442,1,rainy,1,0.9957499999999999
2017-08-01,0.9957499999999999,183.09075,283.76824999999997,274.26725,268.69725,7574.479249999999,7193.486500000001,290.221,195.173,399.96625,305.35675000000003,175.21075000000002,524.58025,288.9005,240.76975000000002,195.12449999999998,183.07,149.2016124313431,7.0,2.0,121.0,38.0,2017,8,187.851630279442,0,rainy,1,0.97425
2017-09-01,0.97425,155.4605,269.9355,267.558,265.88925,7417.500750000001,6988.41525,273.98775,195.117,392.78200000000004,300.533,172.33800000000002,506.75100000000003,274.24775,239.07824999999997,198.12825,180.77,150.0602237774842,3.0,4.0,32.0,28.0,2017,9,187.851630279442,0,rainy,1,0.97325
2017-10-01,0.97325,151.589,270.022,263.9775,269.8515,7409.385499999999,6998.05075,260.40875,198.1165,386.832,293.96999999999997,171.38825,494.13225,261.19275000000005,240.25124999999997,202.80125,177.14,150.9184178230775,6.0,3.0,27.0,37.0,2017,10,187.851630279442,0,harvest,1,0.9625
2017-11-01,0.9625,127.27625,281.67775,263.225,263.2235,7309.912249999999,6884.378750000001,258.659,199.2615,385.25425,302.93,174.08325,488.1875,254.99925,245.41775,204.369,183.18,151.7905185476244,8.0,2.0,139.0,27.0,2017,11,187.851630279442,0,harvest,1,0.99325
2017-12-01,0.99325,112.827,253.01275,268.5825,272.3105,7553.74025,7081.01375,273.35,200.82999999999998,394.66925000000003,323.098,177.65474999999998,499.78024999999997,258.63125,247.20524999999998,212.092,189.68,152.6743692134754,15.0,2.0,284.0,4.0,2017,12,187.851630279442,0,dry,1,0.99975
2018-01-01,0.99975,100.456,273.54699999999997,278.40875,284.1655,7640.59425,7141.878999999999,288.07375,203.22075,393.7355,322.32125,180.5975,529.992,272.733,254.7,213.25375,200.74,124.1762,11.0,6.0,44.0,12.0,2018,1,83.5015294922,0,dry,1,1.1685
2018-02-01,1.1685,118.91925,349.0145,316.29125,319.1915,8937.32475,8333.19975,324.886,248.04899999999998,437.50124999999997,383.62624999999997,220.97125,615.83925,310.35225,310.61575,244.77325000000002,233.13000000000002,139.844565,12.0,7.0,168.0,74.0,2018,2,83.5015294922,0,dry,1,1.2255
2018-03-01,1.2255,99.60549999999999,387.43725,329.47625,326.973,9426.787,8879.441499999999,344.81875,260.25275,454.57025000000004,416.50924999999995,228.635,620.9037500000001,324.06225,313.42449999999997,253.071,238.35,152.2351103333333,10.0,8.0,39.0,50.0,2018,3,83.5015294922,0,dry,1,1.3155
2018-04-01,1.3155,81.96549999999999,407.69275,365.23975,366.37800000000004,10208.44075,9498.70375,374.82550000000003,271.159,488.81975,466.5,234.53224999999998,716.024,359.7315,329.06624999999997,274.5,259.23,165.46562275,35.0,9.0,291.0,24.0,2018,4,83.5015294922,0,rainy,1,1.47175
2018-05-01,1.47175,91.45375,468.35974999999996,404.0625,379.16225,11664.3505,10390.32625,424.83875,304.3315,525.69425,511.81425,253.12925,814.43925,407.38525,368.254,310.40299999999996,297.2,163.9602614,13.0,9.0,103.0,60.0,2018,5,83.5015294922,1,rainy,1,1.59
2018-06-01,1.59,77.78425,491.22799999999995,425.96625000000006,403.13849999999996,12308.60975,11571.498,444.93075,324.11125000000004,552.6255,541.9735,276.9935,846.71125,432.77075,398.8845,336.71175,306.32,165.2674395,21.0,10.0,117.0,34.0,2018,6,83.5015294922,1,rainy,1,1.4217499999999998
2018-07-01,1.4217499999999998,55.74550000000001,437.82174999999995,383.70875,368.81174999999996,10951.8515,10165.901,385.82575,302.06525,512.7375,502.35650000000004,261.4915,736.87325,391.123,377.3065,295.20475,235.17,169.0556655,11.0,12.0,153.0,42.0,2018,7,83.5015294922,1,rainy,1,1.30725
2018-08-01,1.30725,33.76875,387.057,356.07275,349.499,10103.00775,9370.69175,360.954,276.14525,481.53450000000004,483.57624999999996,241.1125,685.92575,368.8305,337.06425,274.46774999999997,211.61000000000004,166.9817042416667,2.0,3.0,52.0,3.0,2018,8,83.5015294922,0,rainy,1,1.282
2018-09-01,1.282,33.39425,357.5515,354.1605,340.53825,10009.9555,9294.1975,353.6425,263.38125,479.58450000000005,478.2455,226.51125000000002,684.7484999999999,356.92125,316.5855,276.82875,210.0,163.965049075,15.0,5.0,58.0,50.0,2018,9,83.5015294922,0,rainy,1,1.21575
2018-10-01,1.21575,27.0935,325.61725,335.41825,318.2045,9461.4955,8831.22725,327.2215,243.315,451.35575,433.75124999999997,212.45149999999998,630.5319999999999,325.3585,308.6705,246.9505,209.83,153.1041624083333,11.0,6.0,117.0,9.0,2018,10,83.5015294922,0,harvest,1,1.242
2018-11-01,1.242,31.00675,359.03650000000005,339.0365,333.2555,9559.9275,8967.555,341.97225,257.038,468.01025,452.1445,228.21025,656.93875,341.335,325.7055,268.7245,222.0,152.3885692416667,7.0,11.0,30.0,51.0,2018,11,83.5015294922,0,harvest,1,1.24525
2018-12-01,1.24525,27.00025,367.3915,337.807,340.39074999999997,9491.47875,8940.38275,350.14525,265.03875,458.05600000000004,469.73675000000003,241.57375000000002,637.6189999999999,338.7285,337.92600000000004,284.81725,236.67,152.2943839083333,9.0,15.0,57.0,23.0,2018,12,83.5015294922,0,dry,1,1.2965
2019-01-01,1.2965,31.3305,397.49325,351.8025,350.65425,10014.681,9449.91375,354.4895,272.1805,474.99674999999996,486.85074999999995,240.4595,677.38375,343.80225,323.7845,290.85925000000003,256.94,149.345450575,15.0,16.0,105.0,64.0,2019,1,87.2413641500032,0,dry,1,1.35425
2019-02-01,1.35425,16.51325,417.16400000000004,364.59000000000003,357.008,10514.9235,9986.738000000001,387.034,275.2845,491.267,501.88025,243.62275,712.039,372.65324999999996,313.96,296.45275000000004,266.25,154.4133801666667,10.0,5.0,64.0,14.0,2019,2,87.2413641500032,0,dry,1,1.417
2019-03-01,1.417,17.59975,441.22925,372.1345,356.313,11527.02325,10422.95375,371.9845,276.59475000000003,506.54200000000003,508.1,241.27550000000002,764.6015,366.5395,306.09375,297.03575,270.5,153.4761256666667,8.0,6.0,73.0,11.0,2019,3,87.2413641500032,0,dry,1,1.474
2019-04-01,1.474,13.79425,426.617,384.963,362.55375,11850.477,11002.553,425.26224999999994,272.10475,526.9395000000001,532.8715,235.33075,788.24125,411.92575,308.594,303.94275,274.13,157.076674,7.0,18.0,97.0,23.0,2019,4,87.2413641500032,0,rainy,1,1.5045
2019-05-01,1.5045,2.90275,448.35925,380.3915,372.45025,12273.44875,11113.7325,383.32025,288.02475,518.4037500000001,529.506,246.05925000000002,805.955,391.7465,334.05949999999996,313.28575,274.83,162.4981423333333,5.0,6.0,54.0,12.0,2019,5,87.2413641500032,1,rainy,1,1.58575
2019-06-01,1.58575,0.48549999999999993,483.3625,412.94449999999995,392.31399999999996,12775.50825,11642.62225,439.07325000000003,317.2635,549.01525,548.9404999999999,262.4205,875.8135,432.43874999999997,373.06174999999996,331.50225,286.38,158.7114776666667,1.0,15.0,4.0,115.0,2019,6,87.2413641500032,1,rainy,1,1.64525
2019-07-01,1.64525,15.392750000000001,502.40874999999994,434.72475000000003,415.9785,13177.417749999999,11971.945,455.97775,331.2985,570.04275,553.12325,276.78725,921.311,469.15175,391.56075,340.64,292.17,162.5812433333333,6.0,5.0,34.0,8.0,2019,7,87.2413641500032,1,rainy,1,1.65075
2019-08-01,1.65075,26.2375,503.21549999999996,441.0745,417.05675,13253.056,11982.8995,463.4465,345.4315,576.49775,554.0575,275.02775,928.18875,474.5835,399.01325,347.127,298.28,158.9741805,7.0,5.0,91.0,66.0,2019,8,87.2413641500032,0,rainy,1,1.6622499999999998
2019-09-01,1.6622499999999998,29.83025,522.8505,446.1125,407.51925,13269.07475,12105.13075,474.22875000000005,354.14925,591.77025,554.18525,281.99575,946.0677499999999,471.68,397.5135,365.31350000000003,313.33,154.9980333333333,2.0,6.0,27.0,5.0,2019,9,87.2413641500032,0,rainy,1,1.66925
2019-10-01,1.66925,37.058499999999995,563.139,450.71774999999997,417.7255,13448.235750000002,12170.01725,466.8785,356.29875000000004,588.17225,572.3154999999999,290.194,950.10625,436.17224999999996,397.3385,366.275,315.0,157.3785766666667,2.0,1.0,14.0,2.0,2019,10,87.2413641500032,0,harvest,1,1.68325
2019-11-01,1.68325,34.970749999999995,563.8205,452.43075,427.02775,13403.892000000002,12449.39775,454.1525,361.467,590.0935000000001,596.702,296.80225,948.7597499999999,438.26575,399.87874999999997,370.99699999999996,315.0,157.0070038333333,3.0,5.0,79.0,16.0,2019,11,87.2413641500032,0,harvest,1,1.691
2019-12-01,1.691,36.24125,584.3075,460.62725,443.89425,13715.8785,12180.096000000001,472.2465,360.52725,596.07725,611.63775,299.22425,930.866,454.9725,397.5085,383.079,314.84,158.5814338333333,2.0,4.0,0.0,99.0,2019,12,87.2413641500032,0,dry,1,1.70825
2020-01-01,1.70825,32.273250000000004,603.39675,468.00075,454.76725,13744.423,12430.045,507.01099999999997,359.98775,614.03175,636.30425,300.66774999999996,924.9907499999999,472.35699999999997,394.35974999999996,383.56875,318.71,156.4942075,4.0,5.0,54.0,88.0,2020,1,29.6758435538572,0,dry,1,1.686
2020-02-01,1.686,25.64375,586.04825,464.73474999999996,458.78975,13444.857500000002,12282.910249999999,484.92674999999997,356.23275,603.095,631.6524999999999,292.4045,915.4069999999999,472.60725,388.17075,375.674,304.48,150.2804336666667,6.0,1.0,21.0,1.0,2020,2,29.6758435538572,0,dry,1,1.7135000000000002
2020-03-01,1.7135000000000002,22.4405,588.54125,457.5285,452.8245,13913.298749999998,12736.380000000001,474.02025000000003,347.81675,603.8027500000001,660.79,298.63,920.2005000000001,461.36724999999996,373.24625000000003,365.35725,281.0,155.6939131666667,2.0,4.0,35.0,15.0,2020,3,29.6758435538572,0,dry,1,1.7747499999999998
2020-04-01,1.7747499999999998,20.9005,597.4077500000001,475.0285,466.38475,14530.06475,13167.517499999998,475.65125,358.05325,618.72775,655.8752499999999,301.2715,953.2120000000001,474.76674999999994,382.66475,370.877,279.33,151.5197365,9.0,4.0,21.0,11.0,2020,4,29.6758435538572,0,rainy,1,1.8010000000000002
2020-05-01,1.8010000000000002,21.26775,627.78975,494.3,491.04724999999996,14523.10225,13068.39825,527.501,372.47249999999997,649.74825,635.075,307.37525,1019.9095,530.43875,397.23,382.47675,293.68,156.1418681666667,7.0,16.0,328.0,183.0,2020,5,29.6758435538572,1,rainy,1,1.8502500000000002
2020-06-01,1.8502500000000002,18.43975,668.329,525.1,505.10600000000005,14845.470250000002,13117.013750000002,583.4755,385.10450000000003,693.9367500000001,628.18925,328.835,1045.75375,588.34325,412.47725,397.5335,320.0,151.1622231666667,9.0,8.0,83.0,47.0,2020,6,29.6758435538572,1,rainy,1,1.98625
2020-07-01,1.98625,23.41075,719.79525,591.467,546.301,16054.15925,13736.98725,659.72975,416.88100000000003,768.346,680.4375,347.02725,1182.9492500000001,676.55025,442.09875,437.134,352.07,161.4350181666667,10.0,9.0,141.0,170.0,2020,7,29.6758435538572,1,rainy,1,2.0787500000000003
2020-08-01,2.0787500000000003,28.058249999999997,740.49425,657.64925,586.73625,16412.761749999998,14340.65275,743.5572500000001,441.9915,840.0865,731.93125,355.41325,1339.95675,749.62825,464.06125000000003,477.16875,381.03,170.7879498333333,8.0,4.0,28.0,41.0,2020,8,29.6758435538572,0,rainy,1,2.35225
2020-09-01,2.35225,43.325,799.509,760.94875,697.508,17872.59775,16558.09575,856.2212499999999,521.8534999999999,978.5024999999999,900.8765,396.95574999999997,1479.97825,834.87675,576.1175000000001,567.94775,457.41,178.0608865,5.0,4.0,24.0,9.0,2020,9,29.6758435538572,0,rainy,1,2.4892499999999997
2020-10-01,2.4892499999999997,50.36275,815.0617500000001,818.30975,799.79325,18912.72575,17315.585750000002,865.09225,556.35525,1064.05875,953.6085,418.88625,1634.2707500000001,827.3504999999999,638.66725,622.199,527.68,174.3521065,0.0,5.0,0.0,20.0,2020,10,29.6758435538572,0,harvest,1,2.634
2020-11-01,2.634,58.13475,834.06875,866.21425,797.70425,19695.58975,18423.920250000003,924.3389999999999,580.396,1154.99275,992.5485000000001,424.91549999999995,1783.62425,870.5210000000001,670.22775,644.847,581.03,171.7377348333333,1.0,2.0,11.0,3.0,2020,11,29.6758435538572,0,harvest,1,2.7712499999999998
2020-12-01,2.7712499999999998,65.556,863.85725,903.1912500000001,827.2120000000001,21021.429,19600.927,964.8425,596.386,1205.18575,1042.03325,431.491,1856.057,915.92225,661.1175000000001,655.46775,595.86,171.9899115,2.0,8.0,2.0,39.0,2020,12,29.6758435538572,0,dry,1,2.86775
2021-01-01,2.86775,69.32300000000001,881.50425,953.0695,866.7834999999999,21700.5135,20099.3845,965.96875,618.5185,1277.52275,1087.669,458.27650000000006,1922.2634999999998,969.1854999999999,661.2447500000001,671.92075,600.33,167.3096493333333,0.0,9.0,0.0,269.0,2021,1,10.5167158294358,0,dry,1,2.92475
2021-02-01,2.92475,74.13975,905.04825,995.19325,943.35875,21582.595250000002,20711.32075,1024.9792499999999,636.149,1403.58475,1159.2350000000001,447.479,2056.0435,1016.7629999999999,691.925,685.5282500000001,617.2,162.7231833333333,2.0,3.0,8.0,2.0,2021,2,10.5167158294358,0,dry,1,3.03275
2021-03-01,3.03275,80.24625,913.1469999999999,994.42325,945.6022499999999,22243.30575,21737.70575,1022.0487499999999,653.097,1459.2385,1216.43675,459.49174999999997,2141.14175,1034.8595,721.01875,698.213,617.1,152.3243343333333,9.0,2.0,72.0,15.0,2021,3,10.5167158294358,0,dry,1,3.11575
2021-04-01,3.11575,78.08275,909.8895,1003.3610000000001,950.76675,23360.24125,22383.21625,1009.2104999999999,647.267,1493.89275,1301.06375,453.31325,2194.7974999999997,1008.5844999999999,713.2605,695.93425,574.48,154.1514303333333,2.0,3.0,8.0,147.0,2021,4,10.5167158294358,0,rainy,1,2.9985
2021-05-01,2.9985,68.294,851.3612499999999,969.9604999999999,915.7524999999999,22121.020249999998,21669.54675,935.8525,630.983,1469.984,1355.5985,454.975,2067.92825,940.8915000000001,700.964,649.98025,460.26000000000005,155.899677,6.0,6.0,232.0,24.0,2021,5,10.5167158294358,1,rainy,1,2.81675
2021-06-01,2.81675,52.676,830.1522499999999,935.93175,881.0332500000001,21002.466500000002,20392.954999999998,854.8430000000001,595.1012499999999,1418.269,1301.55825,434.552,2035.0645,828.7594999999999,655.826,607.4455,291.14,160.555222,8.0,4.0,220.0,90.0,2021,6,10.5167158294358,1,rainy,1,2.821
2021-07-01,2.821,44.15725,831.332,946.0512500000001,895.8162500000001,21489.500500000002,20518.48675,839.3030000000001,576.529,1332.0285,1243.77325,432.245,2033.9650000000001,809.87025,630.1347499999999,623.233,360.5,157.9423203333333,4.0,4.0,43.0,23.0,2021,7,10.5167158294358,1,rainy,1,2.82425
2021-08-01,2.82425,37.12625,840.731,953.7955,864.2615,21618.967,20488.3125,844.5217500000001,599.8467499999999,1252.5282499999998,1248.5907499999998,425.08299999999997,2029.9055,800.14525,628.226,634.397,408.69,149.6681273333333,6.0,5.0,84.0,20.0,2021,8,10.5167158294358,0,rainy,1,2.8105
2021-09-01,2.8105,19.80725,844.2275,936.0932500000001,875.94025,21594.40225,20654.5605,823.50575,585.9855,1225.146,1227.3365,426.14475000000004,2015.9255,774.3199999999999,609.1582500000001,629.9835,407.46,156.0838996666667,4.0,1.0,82.0,3.0,2021,9,10.5167158294358,0,rainy,1,2.69825
2021-10-01,2.69825,10.120000000000001,827.323,913.108,813.5377500000001,20451.0555,19685.2625,806.6622500000001,580.8965000000001,1201.286,1200.70025,419.0765,1982.0645,747.36825,612.839,613.7529999999999,403.6,160.6439003333333,8.0,8.0,64.0,17.0,2021,10,10.5167158294358,0,harvest,1,2.7725
2021-11-01,2.7725,7.10525,856.7227499999999,933.7537500000001,834.8835000000001,20922.9495,20341.13775,835.37775,600.83225,1232.919,1275.55525,422.19350000000003,1921.5772499999998,765.5375,626.20025,649.8824999999999,412.31000000000006,157.6307042833333,0.0,19.0,0.0,90.0,2021,11,10.5167158294358,0,harvest,1,2.7504999999999997
2021-12-01,2.7504999999999997,1.0022499999999999,867.5865,941.7355,841.4105,20774.3475,19907.2895,845.592,617.03575,1201.90275,1281.4805000000001,434.87075000000004,1888.69575,776.9322500000001,633.51025,651.0564999999999,420.6,151.073121,6.0,13.0,78.0,162.0,2021,12,10.5167158294358,0,dry,1,2.85
2022-01-01,2.85,0.49700000000000005,869.5015,943.368,827.5585000000001,21809.105,20469.67875,870.1245000000001,631.60175,1230.3805,1291.3957500000001,431.2485,1954.46925,823.4637500000001,628.4215,680.661,434.66,153.9494623166667,3.0,18.0,36.0,45.0,2022,1,-6.68732094212668,0,dry,1,2.83875
2022-02-01,2.83875,-1.3042500000000001,884.684,940.884,868.33675,21143.423749999998,20245.7205,877.58325,635.0287500000001,1288.7875,1296.6015,444.1845,2052.112,857.0352500000001,632.91975,649.05475,432.7900000000001,159.8282789333333,3.0,9.0,22.0,41.0,2022,2,-6.68732094212668,0,dry,1,2.85725
2022-03-01,2.85725,-3.9282500000000007,840.15925,959.83125,875.2125,21247.20975,20177.033,886.0975000000001,647.52725,1322.1885,1348.57475,446.88424999999995,2080.79075,877.825,658.3430000000001,660.733,430.2200000000001,150.843024,8.0,22.0,45.0,195.0,2022,3,-6.68732094212668,0,dry,1,2.8415
2022-04-01,2.8415,-6.6450000000000005,826.941,972.3945,878.2879999999999,20479.398250000002,20158.26225,899.4675,662.264,1375.021,1423.7817499999999,444.57925000000006,2046.2415,892.6895000000001,644.989,674.83975,427.08000000000004,155.0263656666667,2.0,8.0,61.0,251.0,2022,4,-6.68732094212668,0,rainy,1,2.96
2022-05-01,2.96,1.24875,841.1822500000001,1018.5137500000001,918.61175,20916.07375,20859.60525,972.1737499999999,679.62025,1452.9045,1495.81,453.28599999999994,2156.7745,1018.2317500000001,679.5082500000001,686.36925,445.1,153.37201735,3.0,8.0,12.0,20.0,2022,5,-6.68732094212668,1,rainy,1,3.163
2022-06-01,3.163,14.92725,905.6807500000001,1076.5565000000001,974.8805,22465.091999999997,21825.625,1020.8515,757.9322500000001,1561.24125,1560.3200000000002,453.98249999999996,2290.65075,1133.84625,736.5095,733.97975,486.91999999999996,155.227439,1.0,12.0,1.0,207.0,2022,6,-6.68732094212668,1,rainy,1,3.3907499999999997
2022-07-01,3.3907499999999997,23.2065,1024.094,1191.2115,1076.002,22782.4385,22553.279000000002,1230.1280000000002,890.0469999999999,1790.925,1723.6577499999999,475.08125,2579.98825,1383.5535,849.7627500000001,818.03775,557.52,156.8334329833334,4.0,4.0,274.0,127.0,2022,7,-6.68732094212668,1,rainy,1,3.87575
2022-08-01,3.87575,40.58875,1250.9685,1410.237,1278.6979999999999,24642.8,24791.46225,1620.90875,1087.433,2055.02075,1987.31175,538.6105,2860.57075,1864.1599999999999,1022.9895,976.36175,653.04,158.1311866666667,5.0,4.0,127.0,21.0,2022,8,-6.68732094212668,0,rainy,1,4.0424999999999995
2022-09-01,4.0424999999999995,48.2805,1343.8685,1484.5765,1331.18975,25563.57125,25408.499499999998,1758.7285,1198.43125,2216.477,2047.14775,548.3480000000001,2915.597,1958.7147499999999,1116.6205,1054.2265,641.58,162.6584162096116,1.0,8.0,50.0,85.0,2022,9,-6.68732094212668,0,rainy,1,4.0865
2022-10-01,4.0865,54.573,1375.3362499999998,1453.8785,1329.383,26178.22175,26292.489500000003,1774.7475,1222.38775,2176.5515,1994.85575,571.897,2878.42375,1948.5669999999998,1175.7755000000002,1050.775,613.23,159.4965895350718,2.0,5.0,20.0,296.0,2022,10,-6.68732094212668,0,harvest,1,4.14975
2022-11-01,4.14975,53.7525,1365.9845,1447.26575,1356.4879999999998,26815.690000000002,27070.680249999998,1778.925,1230.42025,2230.5252499999997,1909.32575,579.51525,2985.855,1943.09925,1165.243,1077.74525,620.81,151.4893788919824,0.0,6.0,0.0,81.0,2022,11,-6.68732094212668,0,harvest,1,4.20975
2022-12-01,4.20975,56.71849999999999,1407.0205,1465.4935,1382.8445,27809.81175,27645.461,1838.9009999999998,1229.9492500000001,2170.51325,1871.5705000000003,586.85625,2995.2475,1934.738,1130.3195,1100.9855,667.42,145.0439387053708,3.0,6.0,80.0,38.0,2022,12,-6.68732094212668,0,dry,1,4.409000000000001
2023-01-01,4.409000000000001,60.74400000000001,1490.5504999999998,1545.05875,1473.51225,29462.735999999997,29450.642249999997,1911.81375,1270.01275,2274.84525,1947.84625,584.19375,3240.3735,2006.0580000000002,1149.9965,1131.6209999999999,704.17,139.5484438180623,2.0,0.0,55.0,0.0,2023,1,2.38280434813754,0,dry,1,4.625249999999999
2023-02-01,4.625249999999999,67.46375,1631.65275,1673.212,1602.7205,30999.8015,30667.247249999997,2168.504,1305.1100000000001,2376.78675,2037.011,655.19625,3424.3120000000004,2126.7835,1186.20675,1232.56175,777.22,136.0915240828687,5.0,4.0,160.0,29.0,2023,2,2.38280434813754,0,dry,1,4.96325
2023-03-01,4.96325,78.5945,1814.3872500000002,1742.80475,1702.809,33179.3595,32886.16975,2260.20625,1341.18375,2539.69275,2201.0302500000003,723.6945,3644.25225,2259.4685,1299.7955,1307.8809999999999,838.85,124.5083971810056,0.0,0.0,0.0,0.0,2023,3,2.38280434813754,0,dry,1,5.24175
2023-04-01,5.24175,89.39275,1877.5439999999999,1826.57275,1846.99875,35674.76825,34501.412,2446.50975,1387.947,2650.64725,2329.8145,741.74,3791.0510000000004,2400.62925,1396.45875,1423.49925,874.7700000000001,117.6097058951276,0.0,33.0,0.0,1146.0,2023,4,2.38280434813754,0,rainy,1,5.7235
2023-05-01,5.7235,99.8895,2169.6695,1958.3790000000001,1972.2732499999997,39413.39375,37494.84625,2759.808,1394.11975,2913.651,2483.21825,829.48475,4294.24075,2592.83875,1597.2842500000002,1595.77425,957.03,134.0889870438144,0.0,31.0,0.0,1225.0,2023,5,2.38280434813754,1,rainy,1,5.9795
2023-06-01,5.9795,94.869,2364.24725,2034.482,2093.68775,40369.7325,38937.67025,2912.7912499999998,1518.535,2968.63025,2600.79725,864.5717500000001,4118.04375,2772.278,1737.44025,1730.37725,986.96,147.3560094526481,1.0,51.0,8.0,619.0,2023,6,2.38280434813754,1,rainy,1,6.26875
2023-07-01,6.26875,88.11224999999999,2465.5212500000002,2202.1125,2202.9452499999998,41972.997749999995,40792.962,3131.75925,1605.02575,3176.92175,2740.5405,882.76,4349.588,2986.91,1856.43875,1841.93825,1000.57,157.0779610066233,1.0,43.0,0.0,554.0,2023,7,2.38280434813754,1,rainy,1,6.53225
2023-08-01,6.53225,70.47525,2545.8005000000003,2191.67575,2229.50025,45107.03525,44113.417499999996,3043.07,1612.0425,3183.8112499999997,2735.6715,866.4932500000001,4415.618,3049.877,1911.7134999999998,1849.0837500000002,1013.7700000000001,157.2655497740749,0.0,55.0,0.0,682.0,2023,8,2.38280434813754,0,rainy,1,6.47475
2023-09-01,6.47475,60.7155,2468.3215,2134.19275,2306.4477500000003,44233.559,43949.604,2953.5035,1653.2982499999998,3212.5735,2662.1232499999996,870.9694999999999,4397.94175,3034.4717499999997,1866.9560000000001,1860.0892499999998,1014.6699999999998,160.0,1.0,59.0,1.0,471.0,2023,9,2.38280434813754,0,rainy,1,6.53975
2023-10-01,6.53975,60.87175,2382.30325,2145.1435,2374.389,44887.256,44644.1175,2855.2125,1629.3885,3180.2560000000003,2666.9835,879.07875,4247.4,2990.236,1810.3007499999999,1820.0605,1037.33,160.0,0.0,43.0,0.0,595.0,2023,10,2.38280434813754,0,harvest,1,7.033499999999999
2023-11-01,7.033499999999999,69.72925000000001,2495.94675,2227.27025,2335.6515,49383.85675,47713.891749999995,3032.3455000000004,1691.96675,3265.6305,2709.3675,952.0052499999999,4509.6155,3103.716,1888.9744999999998,1843.2509999999997,1097.41,160.0,0.0,32.0,0.0,2102.0,2023,11,2.38280434813754,0,harvest,1,7.4045000000000005
2023-12-01,7.4045000000000005,77.43674999999999,2511.08675,2279.56275,2275.72275,53453.899750000004,50353.977,3126.5474999999997,1731.84325,3307.81225,2614.17625,962.6957500000001,5007.27725,3173.95275,1958.132,1867.8759999999997,1094.83,160.0,0.0,24.0,0.0,414.0,2023,12,2.38280434813754,0,dry,1,8.288
2024-01-01,8.288,88.60249999999999,2877.6445,2423.85225,2408.0240000000003,61388.31975,56859.945250000004,3423.21,1841.259,3596.1737500000004,2706.33875,1061.49125,5241.927,3319.987,2130.852,2025.6965,1154.46,160.0,3.0,49.0,122.0,347.0,2024,1,91.4408220769046,0,dry,1,8.7735
2024-02-01,8.7735,93.28025,3046.218,2473.55025,2521.90575,62198.33425,59998.026249999995,3513.0915,2093.17225,4017.98275,3172.05975,1149.3405,5552.36325,3593.63975,2398.11625,2224.194,1293.46,160.0,3.0,43.0,363.0,382.0,2024,2,91.4408220769046,0,dry,0,10.51
2024-03-01,10.51,120.70075,3695.6642500000003,2825.92775,2865.8759999999997,74997.52075,72016.44875000001,4007.012,2366.9685,4857.88625,3887.0985,1368.97225,6691.90475,4285.610500000001,2688.8450000000003,2652.811,1830.7400000000002,80.0,2.0,43.0,24.0,224.0,2024,3,91.4408220769046,0,dry,0,12.409749999999999
2024-04-01,12.409749999999999,147.57675,4372.26325,3106.294,3310.9629999999997,86362.564,86148.0525,4432.0737500000005,2803.6565,5664.0365,5002.99825,1670.10525,8274.422999999999,4890.003500000001,3223.7785,3069.5105,2144.23,70.0,1.0,41.0,30.0,348.0,2024,4,91.4408220769046,0,rainy,0,15.346
2024-05-01,15.346,185.131,5536.81275,3873.4139999999998,4216.779,102870.994,107247.30600000001,5744.478,3456.9402500000006,6812.8145,6758.147749999999,2182.63875,10724.627250000001,6413.4375,4031.39225,3943.5229999999997,2837.93,60.0,1.0,65.0,4.0,482.0,2024,5,91.4408220769046,1,rainy,0,16.56825
2024-06-01,16.56825,190.68725,6022.947249999999,4067.689,4489.207,112047.70725,116841.65225,6119.9455,3620.77675,7146.830499999999,7314.3902499999995,2412.855,11694.89875,6963.18325,4613.71975,4302.594,2989.66,60.0,0.0,70.0,0.0,781.0,2024,6,91.4408220769046,1,rainy,0,19.43575
2024-07-01,19.43575,223.4765,7380.27675,4635.039,5133.41475,134275.54725,140947.55349999998,6763.4757500000005,4200.432,8248.37925,8286.277,2701.82125,13194.03525,7591.227499999999,5247.255999999999,4696.2605,3656.6699999999996,60.0,1.0,48.0,114.0,507.0,2024,7,91.4408220769046,1,rainy,0,22.687
2024-08-01,22.687,258.38475,9560.752,5365.8865,5977.38875,150772.68125,164989.0845,8088.840249999999,5014.67425,9451.03175,9934.93125,3235.31875,14861.29575,8968.5585,6327.511,5719.5785,4606.67,60.0,2.0,57.0,4.0,485.0,2024,8,91.4408220769046,0,rainy,0,24.771
2024-09-01,24.771,290.26675,10269.13425,5808.8325,6549.753,166296.5375,170872.93375,8998.4525,5526.0365,10151.21875,11076.114,3805.7792500000005,16099.958499999999,9910.1295,7455.66725,6297.30075,4547.83,60.0,0.0,70.0,0.0,620.0,2024,9,91.4408220769046,0,rainy,0,25.149250000000002
2024-10-01,25.149250000000002,290.17775,10102.93175,5759.8435,6473.36825,172386.1165,175590.88325,8922.6855,5498.643,10147.3845,11300.82575,3851.5017500000004,16204.047750000002,9861.32025,7093.0315,6214.2607499999995,4244.44,60.0,0.0,76.0,0.0,1332.0,2024,10,91.4408220769046,0,harvest,0,26.727749999999997
2024-11-01,26.727749999999997,285.32800000000003,10637.1555,6082.95575,6936.803750000001,181391.26025,190659.4665,9671.772500000001,5800.89225,10777.9,12043.529,4112.728499999999,17103.112,10118.7045,7244.799000000001,6704.428,4834.48,60.0,0.0,64.0,0.0,734.0,2024,11,91.4408220769046,0,harvest,0,28.8695
2024-12-01,28.8695,295.90625,11125.824499999999,6403.5245,7355.77475,194327.7335,208101.6645,9986.31625,6273.419,11501.461500000001,13435.39775,4360.58275,17858.45575,10899.195,7684.1225,7165.48525,5032.5,60.0,2.0,79.0,36.0,861.0,2024,12,91.4408220769046,0,dry,0,31.486250000000002
2025-01-01,31.486250000000002,291.51025,12424.886999999999,6682.222,7799.669250000001,217340.37149999998,232299.09175,10114.27,6562.9065,12115.813,14012.448,4595.13125,19061.61075,11219.123,8302.96775,7821.6105,5258.06,60.0,0.0,0.0,0.0,0.0,2025,1,91.4408220769046,0,dry,1,33.88125
2025-02-01,33.88125,290.06525,12702.61475,6949.751249999999,8089.366,235833.323,252288.85150000002,10866.59175,7048.7935,12825.8485,14848.651500000002,4996.022,19838.29375,11998.6675,8761.838,8215.608,5457.69,80.0,0.0,0.0,0.0,0.0,2025,2,91.4408220769046,0,dry,1,36.695
2025-03-01,36.695,250.32424999999998,13546.8755,7503.848,8822.680250000001,255426.66,269346.49474999995,12303.13975,7774.2029999999995,13926.446,16741.644500000002,5250.1725,21353.24325,13677.486499999999,9337.0615,8842.509,5720.97,60.0,0.0,0.0,0.0,0.0,2025,3,91.4408220769046,0,dry,1,38.2525
2025-04-01,38.2525,212.084,13671.623000000001,7719.5785000000005,9119.71225,268734.692,281123.98875,12613.3645,7895.03125,14157.45325,16944.768,5619.12175,22047.07325,13736.367250000001,9528.059,8974.341499999999,5728.33,60.0,0.0,0.0,0.0,0.0,2025,4,91.4408220769046,0,rainy,1,39.028000000000006
2025-05-01,39.028000000000006,160.06575,13637.97525,7784.01475,9213.093499999999,270980.473,291340.141,12861.612,7921.5869999999995,14310.897,17148.975,5677.812,22205.24675,13922.525,9512.794,9012.913,5651.72,90.0,0.0,0.0,0.0,0.0,2025,5,91.4408220769046,1,rainy,1,40.986000000000004
2025-06-01,40.986000000000004,151.581,13881.160500000002,7997.083499999999,9429.1615,285544.838,313333.5355,13932.2595,8087.869250000001,14872.7415,17259.82275,5947.51025,23140.90225,15212.961249999998,9873.50675,9047.18925,5858.33,150.0,0.0,0.0,0.0,0.0,2025,6,91.4408220769046,1,rainy,1,42.4265
2025-07-01,42.4265,121.9125,14784.091250000001,8342.2085,9919.849,294399.88775,318400.1605,15045.598000000002,8395.559,15417.735750000002,17616.85075,6067.3025,23997.63025,16421.00475,10587.183500000001,9213.41475,5928.57,150.0,0.0,0.0,0.0,0.0,2025,7,91.4408220769046,1,rainy,1,42.64325
2025-08-01,42.64325,90.84675,15210.014249999998,8532.057499999999,10117.2625,296218.02999999997,315106.752,15850.852499999999,8924.1125,15816.9855,17921.458000000002,6191.93675,24480.017,17351.64125,10777.13875,9728.1295,5850.0,150.0,0.0,0.0,0.0,0.0,2025,8,91.4408220769046,0,rainy,1,42.42425
2025-09-01,42.42425,74.81575000000001,15083.417250000002,8658.9825,10224.1205,291087.61425,313995.875,16262.15675,9219.95275,15707.75,17874.914,6202.07175,24344.801499999998,17924.8005,10745.085000000001,10014.205,5800.0,150.0,0.0,0.0,0.0,0.0,2025,9,91.4408220769046,0,rainy,1,42.9505
2025-10-01,42.9505,72.59774999999999,14320.004500000001,8335.8915,9819.18475,309853.13625,323717.2965,14831.473250000001,8844.9005,15155.542749999999,17527.01475,5953.85075,23828.806,15993.732999999998,10311.7405,9717.36125,5763.62,150.0,0.0,0.0,0.0,0.0,2025,10,91.4408220769046,0,harvest,1,42.16225
2025-11-01,42.16225,58.10475,14157.75375,8222.56375,9719.50475,297680.03925000003,318841.6235,13940.682999999999,8597.889,15004.365249999999,17483.46675,5640.47325,23537.283,15712.585750000002,10161.143,9546.69275,5725.0,130.0,0.0,0.0,0.0,0.0,2025,11,91.4408220769046,0,harvest,1,40.45725
2025-12-01,40.45725,40.51225,14218.64575,8055.5555,9555.930250000001,282174.54425,300765.54525,13143.09925,8441.28575,14570.07775,17403.398999999998,5728.534,22948.16575,14817.192000000001,10049.795999999998,9373.635,5533.33,120.0,0.0,0.0,0.0,0.0,2025,12,91.4408220769046,0,dry,1,41.97925
2026-01-01,41.97925,34.60525,14339.29075,8345.662,9873.639,295451.872,316412.6015,13865.367499999998,8413.95175,14870.3715,17196.807,5714.74975,23290.50675,15486.177,10137.73275,9371.5285,5596.52,100.0,0.0,0.0,0.0,0.0,2026,1,91.4408220769046,0,dry,1,42.224000000000004
2026-02-01,42.224000000000004,25.72325,13978.45,8430.21925,9932.735,294325.69525,324353.89625,14483.30475,8420.3715,15099.47775,17424.692000000003,5712.1717499999995,23451.48925,15384.42125,10160.6375,9151.35925,5677.25,100.0,0.0,0.0,0.0,0.0,2026,2,91.4408220769046,0,dry,1,44.06375
2026-03-01,44.06375,20.23775,14277.910750000001,8540.4925,10286.6115,309516.72774999996,337122.35625,14256.05925,8818.038250000001,15522.388750000002,18076.7585,6133.519249999999,24420.970250000002,15173.97525,10356.831,9627.937249999999,5773.21,100.0,0.0,0.0,0.0,0.0,2026,3,91.4408220769046,0,dry,1,46.81525
2026-04-01,46.81525,23.471,15536.264749999998,9006.6145,11104.77775,320000.79625,349501.7715,15526.3855,9542.24825,16312.9705,19075.320249999997,6643.84325,25685.10875,16482.677,11359.37025,10633.801,6006.9,100.0,0.0,0.0,0.0,0.0,2026,4,91.4408220769046,0,rainy,1,48.67925
